project,status,time_seconds,accumulated_time,cost,accumulated_cost,eval_time_seconds,eval_cost,node_f1,edge_f1,ged,boundary_accuracy,completeness,accuracy,rationality,readability,error
EnterprisePlanner,success,226.92,254.42,0.1169,0.1169,27.50,0.0511,0.444,0.214,46.230,0.250,3,4,3,4,
LakesideMutual,success,414.61,689.59,0.2488,0.3657,20.56,0.0550,0.235,0.050,49.930,1.000,4,3,4,5,
Tap-And-Eat-MicroServices,success,415.75,1125.23,0.2342,0.5999,19.89,0.0525,0.800,0.181,49.270,1.000,4,4,5,5,
cqrs-microservice-sampler,success,263.47,1406.54,0.0952,0.6951,17.84,0.0541,0.889,0.515,56.900,1.000,5,4,5,5,
e-commerce-microservices-sample,success,167.78,1593.79,0.0767,0.7718,19.47,0.0431,,,43.480,,4,4,5,5,
eShopOnContainers,success,427.11,2072.55,0.2268,0.9986,51.65,0.0734,,,4.440,,3,4,4,4,
ftgo-application,success,294.25,2386.75,0.1199,1.1185,19.95,0.0524,0.667,0.163,51.580,1.000,4,4,4,5,
lelylan,success,504.49,2910.67,0.2568,1.3753,19.43,0.0599,0.750,0.105,40.090,1.000,4,3,4,5,
microservice,success,256.72,3181.44,0.1569,1.5322,14.05,0.0422,0.667,0.267,55.610,1.000,3,4,5,5,
microservice-consul,success,330.06,3526.98,0.1716,1.7038,15.48,0.0470,1.000,0.333,63.180,1.000,3,3,5,5,
pitstop,success,358.36,3906.55,0.2064,1.9102,21.21,0.0482,0.750,,44.040,1.000,3,4,4,5,
qbike,success,359.01,4287.64,0.2071,2.1173,22.08,0.0503,0.286,0.051,41.100,1.000,3,4,5,5,
robot-shop,success,446.07,4755.69,0.2104,2.3277,21.98,0.0552,0.769,0.358,46.910,1.000,3,3,3,5,
spinnaker,success,335.60,5141.40,0.1361,2.4638,50.11,0.0721,0.615,0.518,46.170,1.000,4,3,4,4,
spring-cloud-microservice-examples,success,509.61,5686.40,0.2939,2.7577,35.39,0.0642,0.500,0.209,39.430,1.000,4,3,4,5,
spring-cloud-netflix-example,success,310.61,6046.45,0.2142,2.9719,49.44,0.0653,0.667,0.059,48.240,1.000,3,3,4,5,
spring-netflix-oss-microservices,success,221.02,6291.35,0.1035,3.0754,23.88,0.0480,0.353,0.051,39.890,1.000,4,3,4,5,
spring-petclinic-microservices,success,347.20,6657.25,0.2156,3.2910,18.70,0.0494,0.200,0.054,57.530,1.000,3,3,4,5,
vehicle-tracking-microservices,success,195.70,6873.31,0.0960,3.3870,20.36,0.0503,0.500,0.071,43.270,,3,3,4,5,EnterprisePlanner,skipped,0.00,0.00,0.0000,0.0000,0.00,0.0511,0.444,0.214,46.230,0.250,3,4,3,4,
LakesideMutual,skipped,0.00,0.00,0.0000,0.0000,0.00,0.0550,0.235,0.050,49.930,1.000,4,3,4,5,
Tap-And-Eat-MicroServices,skipped,0.00,0.00,0.0000,0.0000,0.00,0.0525,0.800,0.181,49.270,1.000,4,4,5,5,
cqrs-microservice-sampler,skipped,0.00,0.00,0.0000,0.0000,0.00,0.0541,0.889,0.515,56.900,1.000,5,4,5,5,
e-commerce-microservices-sample,skipped,0.00,0.00,0.0000,0.0000,0.00,0.0431,,,43.480,,4,4,5,5,
eShopOnContainers,skipped,0.00,0.00,0.0000,0.0000,0.00,0.0734,,,4.440,,3,4,4,4,
ftgo-application,skipped,0.00,0.00,0.0000,0.0000,0.00,0.0524,0.667,0.163,51.580,1.000,4,4,4,5,
lelylan,skipped,0.00,0.00,0.0000,0.0000,0.00,0.0599,0.750,0.105,40.090,1.000,4,3,4,5,
microservice,skipped,0.00,0.00,0.0000,0.0000,0.00,0.0422,0.667,0.267,55.610,1.000,3,4,5,5,
microservice-consul,skipped,0.00,0.00,0.0000,0.0000,0.00,0.0470,1.000,0.333,63.180,1.000,3,3,5,5,
open-loyalty,error,0.00,0.00,0.0000,0.0000,0.00,,,,,,,,,,No valid input files found
pitstop,skipped,0.00,0.00,0.0000,0.0000,0.00,0.0482,0.750,,44.040,1.000,3,4,4,5,
qbike,skipped,0.00,0.00,0.0000,0.0000,0.00,0.0503,0.286,0.051,41.100,1.000,3,4,5,5,
robot-shop,skipped,0.00,0.00,0.0000,0.0000,0.00,0.0552,0.769,0.358,46.910,1.000,3,3,3,5,
spinnaker,skipped,0.00,0.00,0.0000,0.0000,0.00,0.0721,0.615,0.518,46.170,1.000,4,3,4,4,
spring-cloud-microservice-examples,skipped,0.00,0.00,0.0000,0.0000,0.00,0.0642,0.500,0.209,39.430,1.000,4,3,4,5,
spring-cloud-netflix-example,skipped,0.00,0.00,0.0000,0.0000,0.00,0.0653,0.667,0.059,48.240,1.000,3,3,4,5,
spring-netflix-oss-microservices,skipped,0.00,0.00,0.0000,0.0000,0.00,0.0480,0.353,0.051,39.890,1.000,4,3,4,5,
spring-petclinic-microservices,skipped,0.00,0.00,0.0000,0.0000,0.00,0.0494,0.200,0.054,57.530,1.000,3,3,4,5,
vehicle-tracking-microservices,skipped,0.00,0.00,0.0000,0.0000,0.00,0.0503,0.500,0.071,43.270,,3,3,4,5,
EnterprisePlanner,skipped,0.00,0.00,0.0000,0.0000,0.00,0.0511,0.444,0.214,46.230,0.250,3,4,3,4,
LakesideMutual,skipped,0.00,0.00,0.0000,0.0000,0.00,0.0550,0.235,0.050,49.930,1.000,4,3,4,5,
Tap-And-Eat-MicroServices,skipped,0.00,0.00,0.0000,0.0000,0.00,0.0525,0.800,0.181,49.270,1.000,4,4,5,5,
cqrs-microservice-sampler,skipped,0.00,0.00,0.0000,0.0000,0.00,0.0541,0.889,0.515,56.900,1.000,5,4,5,5,
e-commerce-microservices-sample,skipped,0.00,0.00,0.0000,0.0000,0.00,0.0431,,,43.480,,4,4,5,5,
eShopOnContainers,skipped,0.00,0.00,0.0000,0.0000,0.00,0.0734,,,4.440,,3,4,4,4,
ftgo-application,skipped,0.00,0.00,0.0000,0.0000,0.00,0.0524,0.667,0.163,51.580,1.000,4,4,4,5,
lelylan,skipped,0.00,0.00,0.0000,0.0000,0.00,0.0599,0.750,0.105,40.090,1.000,4,3,4,5,
microservice,skipped,0.00,0.00,0.0000,0.0000,0.00,0.0422,0.667,0.267,55.610,1.000,3,4,5,5,
microservice-consul,skipped,0.00,0.00,0.0000,0.0000,0.00,0.0470,1.000,0.333,63.180,1.000,3,3,5,5,
open-loyalty,error,0.00,0.00,0.0000,0.0000,0.00,,,,,,,,,,No valid input files found
pitstop,skipped,0.00,0.00,0.0000,0.0000,0.00,0.0482,0.750,,44.040,1.000,3,4,4,5,
qbike,skipped,0.00,0.00,0.0000,0.0000,0.00,0.0503,0.286,0.051,41.100,1.000,3,4,5,5,
robot-shop,skipped,0.00,0.00,0.0000,0.0000,0.00,0.0552,0.769,0.358,46.910,1.000,3,3,3,5,
spinnaker,skipped,0.00,0.00,0.0000,0.0000,0.00,0.0721,0.615,0.518,46.170,1.000,4,3,4,4,
spring-cloud-microservice-examples,skipped,0.00,0.00,0.0000,0.0000,0.00,0.0642,0.500,0.209,39.430,1.000,4,3,4,5,
spring-cloud-netflix-example,skipped,0.00,0.00,0.0000,0.0000,0.00,0.0653,0.667,0.059,48.240,1.000,3,3,4,5,
spring-netflix-oss-microservices,skipped,0.00,0.00,0.0000,0.0000,0.00,0.0480,0.353,0.051,39.890,1.000,4,3,4,5,
spring-petclinic-microservices,skipped,0.00,0.00,0.0000,0.0000,0.00,0.0494,0.200,0.054,57.530,1.000,3,3,4,5,
vehicle-tracking-microservices,skipped,0.00,0.00,0.0000,0.0000,0.00,0.0503,0.500,0.071,43.270,,3,3,4,5,
EnterprisePlanner,skipped,0.00,0.00,0.0000,0.0000,0.00,0.0511,0.444,0.214,46.230,0.250,3,4,3,4,
LakesideMutual,skipped,0.00,0.00,0.0000,0.0000,0.00,0.0550,0.235,0.050,49.930,1.000,4,3,4,5,
Tap-And-Eat-MicroServices,skipped,0.00,0.00,0.0000,0.0000,0.00,0.0525,0.800,0.181,49.270,1.000,4,4,5,5,
cqrs-microservice-sampler,skipped,0.00,0.00,0.0000,0.0000,0.00,0.0541,0.889,0.515,56.900,1.000,5,4,5,5,
e-commerce-microservices-sample,skipped,0.00,0.00,0.0000,0.0000,0.00,0.0431,,,43.480,,4,4,5,5,
eShopOnContainers,skipped,0.00,0.00,0.0000,0.0000,0.00,0.0734,,,4.440,,3,4,4,4,
ftgo-application,skipped,0.00,0.00,0.0000,0.0000,0.00,0.0524,0.667,0.163,51.580,1.000,4,4,4,5,
lelylan,skipped,0.00,0.00,0.0000,0.0000,0.00,0.0599,0.750,0.105,40.090,1.000,4,3,4,5,
microservice,skipped,0.00,0.00,0.0000,0.0000,0.00,0.0422,0.667,0.267,55.610,1.000,3,4,5,5,
microservice-consul,skipped,0.00,0.00,0.0000,0.0000,0.00,0.0470,1.000,0.333,63.180,1.000,3,3,5,5,
open-loyalty,error,0.00,0.00,0.0000,0.0000,0.00,,,,,,,,,,No valid input files found
pitstop,skipped,0.00,0.00,0.0000,0.0000,0.00,0.0482,0.750,,44.040,1.000,3,4,4,5,
qbike,skipped,0.00,0.00,0.0000,0.0000,0.00,0.0503,0.286,0.051,41.100,1.000,3,4,5,5,
robot-shop,skipped,0.00,0.00,0.0000,0.0000,0.00,0.0552,0.769,0.358,46.910,1.000,3,3,3,5,
spinnaker,skipped,0.00,0.00,0.0000,0.0000,0.00,0.0721,0.615,0.518,46.170,1.000,4,3,4,4,
spring-cloud-microservice-examples,skipped,0.00,0.00,0.0000,0.0000,0.00,0.0642,0.500,0.209,39.430,1.000,4,3,4,5,
spring-cloud-netflix-example,skipped,0.00,0.00,0.0000,0.0000,0.00,0.0653,0.667,0.059,48.240,1.000,3,3,4,5,
spring-netflix-oss-microservices,skipped,0.00,0.00,0.0000,0.0000,0.00,0.0480,0.353,0.051,39.890,1.000,4,3,4,5,
spring-petclinic-microservices,skipped,0.00,0.00,0.0000,0.0000,0.00,0.0494,0.200,0.054,57.530,1.000,3,3,4,5,
vehicle-tracking-microservices,skipped,0.00,0.00,0.0000,0.0000,0.00,0.0503,0.500,0.071,43.270,,3,3,4,5,
EFarmers,success,563.02,563.02,0.5013,0.5013,0.00,,,,,,,,,,
4-by-4,success,360.55,360.55,0.3281,0.3281,0.00,,,,,,,,,,
AD,success,524.36,524.36,0.7329,0.7329,0.00,,,,,,,,,,
CDC,success,403.25,403.25,0.4107,0.4107,0.00,,,,,,,,,,
EventTicket,success,374.87,374.87,0.3868,0.3868,0.00,,,,,,,,,,
ExamRush,success,456.56,456.56,0.8950,0.8950,0.00,,,,,,,,,,
LuckyBets,success,256.09,256.09,0.3580,0.3580,0.00,,,,,,,,,,
NFFH,success,779.83,779.83,0.5417,0.5417,0.00,,,,,,,,,,
Ndannamo,success,352.55,352.55,0.6453,0.6453,0.00,,,,,,,,,,
Nestigo,success,224.88,224.88,0.2752,0.2752,0.00,,,,,,,,,,
OneSport,success,262.40,262.40,0.4494,0.4494,0.00,,,,,,,,,,
PENTION,success,490.95,490.95,0.3987,0.3987,0.00,,,,,,,,,,
RecipeCove,success,262.89,262.89,0.4756,0.4756,0.00,,,,,,,,,,
RentYourExpert,success,461.98,461.98,0.8000,0.8000,0.00,,,,,,,,,,
SmartCuisine,success,886.69,886.69,0.9664,0.9664,0.00,,,,,,,,,,
Teamify,success,140.63,140.63,0.2480,0.2480,0.00,,,,,,,,,,
WattsUp,success,352.85,352.85,0.3426,0.3426,0.00,,,,,,,,,,
chronopic,success,387.52,387.52,0.3041,0.3041,0.00,,,,,,,,,,
easybank,success,369.01,369.01,0.2519,0.2519,0.00,,,,,,,,,,
